{
  "hash": "c492d6ad",
  "configHash": "ac7b15a3",
  "lockfileHash": "c6b195a4",
  "browserHash": "6e069e77",
  "optimized": {
    "@angular/cdk/collections": {
      "src": "../../../../../../node_modules/@angular/cdk/fesm2022/collections.mjs",
      "file": "@angular_cdk_collections.js",
      "fileHash": "c6a14783",
      "needsInterop": false
    },
    "@angular/common": {
      "src": "../../../../../../node_modules/@angular/common/fesm2022/common.mjs",
      "file": "@angular_common.js",
      "fileHash": "ee185af1",
      "needsInterop": false
    },
    "@angular/common/http": {
      "src": "../../../../../../node_modules/@angular/common/fesm2022/http.mjs",
      "file": "@angular_common_http.js",
      "fileHash": "fda33a02",
      "needsInterop": false
    },
    "@angular/core": {
      "src": "../../../../../../node_modules/@angular/core/fesm2022/core.mjs",
      "file": "@angular_core.js",
      "fileHash": "4fe5e6f8",
      "needsInterop": false
    },
    "@angular/forms": {
      "src": "../../../../../../node_modules/@angular/forms/fesm2022/forms.mjs",
      "file": "@angular_forms.js",
      "fileHash": "d84b4d02",
      "needsInterop": false
    },
    "@angular/material/button": {
      "src": "../../../../../../node_modules/@angular/material/fesm2022/button.mjs",
      "file": "@angular_material_button.js",
      "fileHash": "be44196b",
      "needsInterop": false
    },
    "@angular/material/card": {
      "src": "../../../../../../node_modules/@angular/material/fesm2022/card.mjs",
      "file": "@angular_material_card.js",
      "fileHash": "4d3baf37",
      "needsInterop": false
    },
    "@angular/material/checkbox": {
      "src": "../../../../../../node_modules/@angular/material/fesm2022/checkbox.mjs",
      "file": "@angular_material_checkbox.js",
      "fileHash": "04d2d6a7",
      "needsInterop": false
    },
    "@angular/material/core": {
      "src": "../../../../../../node_modules/@angular/material/fesm2022/core.mjs",
      "file": "@angular_material_core.js",
      "fileHash": "1f0621c7",
      "needsInterop": false
    },
    "@angular/material/form-field": {
      "src": "../../../../../../node_modules/@angular/material/fesm2022/form-field.mjs",
      "file": "@angular_material_form-field.js",
      "fileHash": "02842cb8",
      "needsInterop": false
    },
    "@angular/material/input": {
      "src": "../../../../../../node_modules/@angular/material/fesm2022/input.mjs",
      "file": "@angular_material_input.js",
      "fileHash": "a621ff09",
      "needsInterop": false
    },
    "@angular/material/paginator": {
      "src": "../../../../../../node_modules/@angular/material/fesm2022/paginator.mjs",
      "file": "@angular_material_paginator.js",
      "fileHash": "a8adf76f",
      "needsInterop": false
    },
    "@angular/material/radio": {
      "src": "../../../../../../node_modules/@angular/material/fesm2022/radio.mjs",
      "file": "@angular_material_radio.js",
      "fileHash": "baef79ed",
      "needsInterop": false
    },
    "@angular/material/select": {
      "src": "../../../../../../node_modules/@angular/material/fesm2022/select.mjs",
      "file": "@angular_material_select.js",
      "fileHash": "672d52ee",
      "needsInterop": false
    },
    "@angular/material/table": {
      "src": "../../../../../../node_modules/@angular/material/fesm2022/table.mjs",
      "file": "@angular_material_table.js",
      "fileHash": "3f48b6f2",
      "needsInterop": false
    },
    "@angular/platform-browser": {
      "src": "../../../../../../node_modules/@angular/platform-browser/fesm2022/platform-browser.mjs",
      "file": "@angular_platform-browser.js",
      "fileHash": "e954d360",
      "needsInterop": false
    },
    "@angular/platform-browser/animations": {
      "src": "../../../../../../node_modules/@angular/platform-browser/fesm2022/animations.mjs",
      "file": "@angular_platform-browser_animations.js",
      "fileHash": "ef9fe976",
      "needsInterop": false
    },
    "rxjs": {
      "src": "../../../../../../node_modules/rxjs/dist/esm5/index.js",
      "file": "rxjs.js",
      "fileHash": "12ff49b7",
      "needsInterop": false
    },
    "rxjs/operators": {
      "src": "../../../../../../node_modules/rxjs/dist/esm5/operators/index.js",
      "file": "rxjs_operators.js",
      "fileHash": "2f3b395f",
      "needsInterop": false
    }
  },
  "chunks": {
    "chunk-4JNTPJUV": {
      "file": "chunk-4JNTPJUV.js"
    },
    "chunk-TY342ROE": {
      "file": "chunk-TY342ROE.js"
    },
    "chunk-2U5BHLOO": {
      "file": "chunk-2U5BHLOO.js"
    },
    "chunk-YGCHPFP3": {
      "file": "chunk-YGCHPFP3.js"
    },
    "chunk-DOUB2BMC": {
      "file": "chunk-DOUB2BMC.js"
    },
    "chunk-UVLTOC4C": {
      "file": "chunk-UVLTOC4C.js"
    },
    "chunk-WTFOIEGU": {
      "file": "chunk-WTFOIEGU.js"
    },
    "chunk-T2DOTYM6": {
      "file": "chunk-T2DOTYM6.js"
    },
    "chunk-CKZ7K3IM": {
      "file": "chunk-CKZ7K3IM.js"
    },
    "chunk-ZVACDIAM": {
      "file": "chunk-ZVACDIAM.js"
    },
    "chunk-KU5SMRRM": {
      "file": "chunk-KU5SMRRM.js"
    },
    "chunk-2MEGWWQ4": {
      "file": "chunk-2MEGWWQ4.js"
    },
    "chunk-WSXI74FV": {
      "file": "chunk-WSXI74FV.js"
    },
    "chunk-LBBSG2YE": {
      "file": "chunk-LBBSG2YE.js"
    },
    "chunk-NGNUV6BG": {
      "file": "chunk-NGNUV6BG.js"
    }
  }
}