{
  "hash": "875b2325",
  "configHash": "fd4f4ac2",
  "lockfileHash": "c6b195a4",
  "browserHash": "a89672ed",
  "optimized": {
    "@angular/cdk/collections": {
      "src": "../../../../../../node_modules/@angular/cdk/fesm2022/collections.mjs",
      "file": "@angular_cdk_collections.js",
      "fileHash": "b42c4718",
      "needsInterop": false
    },
    "@angular/common": {
      "src": "../../../../../../node_modules/@angular/common/fesm2022/common.mjs",
      "file": "@angular_common.js",
      "fileHash": "acf98c98",
      "needsInterop": false
    },
    "@angular/common/http": {
      "src": "../../../../../../node_modules/@angular/common/fesm2022/http.mjs",
      "file": "@angular_common_http.js",
      "fileHash": "b8d71fe7",
      "needsInterop": false
    },
    "@angular/core": {
      "src": "../../../../../../node_modules/@angular/core/fesm2022/core.mjs",
      "file": "@angular_core.js",
      "fileHash": "6d0144c0",
      "needsInterop": false
    },
    "@angular/forms": {
      "src": "../../../../../../node_modules/@angular/forms/fesm2022/forms.mjs",
      "file": "@angular_forms.js",
      "fileHash": "eb24894e",
      "needsInterop": false
    },
    "@angular/material/button": {
      "src": "../../../../../../node_modules/@angular/material/fesm2022/button.mjs",
      "file": "@angular_material_button.js",
      "fileHash": "c27dbfb2",
      "needsInterop": false
    },
    "@angular/material/card": {
      "src": "../../../../../../node_modules/@angular/material/fesm2022/card.mjs",
      "file": "@angular_material_card.js",
      "fileHash": "493030df",
      "needsInterop": false
    },
    "@angular/material/checkbox": {
      "src": "../../../../../../node_modules/@angular/material/fesm2022/checkbox.mjs",
      "file": "@angular_material_checkbox.js",
      "fileHash": "bfbb54b7",
      "needsInterop": false
    },
    "@angular/material/core": {
      "src": "../../../../../../node_modules/@angular/material/fesm2022/core.mjs",
      "file": "@angular_material_core.js",
      "fileHash": "03bdee59",
      "needsInterop": false
    },
    "@angular/material/form-field": {
      "src": "../../../../../../node_modules/@angular/material/fesm2022/form-field.mjs",
      "file": "@angular_material_form-field.js",
      "fileHash": "24dc9142",
      "needsInterop": false
    },
    "@angular/material/input": {
      "src": "../../../../../../node_modules/@angular/material/fesm2022/input.mjs",
      "file": "@angular_material_input.js",
      "fileHash": "2d2e0151",
      "needsInterop": false
    },
    "@angular/material/paginator": {
      "src": "../../../../../../node_modules/@angular/material/fesm2022/paginator.mjs",
      "file": "@angular_material_paginator.js",
      "fileHash": "dbefb134",
      "needsInterop": false
    },
    "@angular/material/radio": {
      "src": "../../../../../../node_modules/@angular/material/fesm2022/radio.mjs",
      "file": "@angular_material_radio.js",
      "fileHash": "d8c51191",
      "needsInterop": false
    },
    "@angular/material/select": {
      "src": "../../../../../../node_modules/@angular/material/fesm2022/select.mjs",
      "file": "@angular_material_select.js",
      "fileHash": "bfd87934",
      "needsInterop": false
    },
    "@angular/material/table": {
      "src": "../../../../../../node_modules/@angular/material/fesm2022/table.mjs",
      "file": "@angular_material_table.js",
      "fileHash": "23799046",
      "needsInterop": false
    },
    "@angular/platform-browser": {
      "src": "../../../../../../node_modules/@angular/platform-browser/fesm2022/platform-browser.mjs",
      "file": "@angular_platform-browser.js",
      "fileHash": "dc8257e5",
      "needsInterop": false
    },
    "@angular/platform-browser/animations": {
      "src": "../../../../../../node_modules/@angular/platform-browser/fesm2022/animations.mjs",
      "file": "@angular_platform-browser_animations.js",
      "fileHash": "149a98fa",
      "needsInterop": false
    },
    "@angular/platform-server": {
      "src": "../../../../../../node_modules/@angular/platform-server/fesm2022/platform-server.mjs",
      "file": "@angular_platform-server.js",
      "fileHash": "a45fc084",
      "needsInterop": false
    },
    "rxjs": {
      "src": "../../../../../../node_modules/rxjs/dist/cjs/index.js",
      "file": "rxjs.js",
      "fileHash": "d5ab5e42",
      "needsInterop": true
    },
    "rxjs/operators": {
      "src": "../../../../../../node_modules/rxjs/dist/cjs/operators/index.js",
      "file": "rxjs_operators.js",
      "fileHash": "06efaccf",
      "needsInterop": true
    }
  },
  "chunks": {
    "xhr2-ISERFGGE": {
      "file": "xhr2-ISERFGGE.js"
    },
    "chunk-IKKJNMAT": {
      "file": "chunk-IKKJNMAT.js"
    },
    "chunk-3NO2IVBO": {
      "file": "chunk-3NO2IVBO.js"
    },
    "chunk-3YAWAQRK": {
      "file": "chunk-3YAWAQRK.js"
    },
    "chunk-3L5QPTYD": {
      "file": "chunk-3L5QPTYD.js"
    },
    "chunk-OOSXNOFN": {
      "file": "chunk-OOSXNOFN.js"
    },
    "chunk-P2Y7KBWL": {
      "file": "chunk-P2Y7KBWL.js"
    },
    "chunk-4Y7C6EGV": {
      "file": "chunk-4Y7C6EGV.js"
    },
    "chunk-LXE4UF3O": {
      "file": "chunk-LXE4UF3O.js"
    },
    "chunk-AB3YDEXY": {
      "file": "chunk-AB3YDEXY.js"
    },
    "chunk-3O7PDZFH": {
      "file": "chunk-3O7PDZFH.js"
    },
    "chunk-DBDSVAKS": {
      "file": "chunk-DBDSVAKS.js"
    },
    "chunk-6E7ER37X": {
      "file": "chunk-6E7ER37X.js"
    },
    "chunk-DDME52US": {
      "file": "chunk-DDME52US.js"
    },
    "chunk-5IW5ZEPE": {
      "file": "chunk-5IW5ZEPE.js"
    },
    "chunk-UOPINYA3": {
      "file": "chunk-UOPINYA3.js"
    },
    "chunk-RPWZ4CMX": {
      "file": "chunk-RPWZ4CMX.js"
    },
    "chunk-NQ4HTGF6": {
      "file": "chunk-NQ4HTGF6.js"
    }
  }
}