{
  "hash": "febf8486",
  "configHash": "4bd01fc1",
  "lockfileHash": "c6b195a4",
  "browserHash": "db89551e",
  "optimized": {
    "@angular/cdk/collections": {
      "src": "../../../../../../node_modules/@angular/cdk/fesm2022/collections.mjs",
      "file": "@angular_cdk_collections.js",
      "fileHash": "fa07c63b",
      "needsInterop": false
    },
    "@angular/common": {
      "src": "../../../../../../node_modules/@angular/common/fesm2022/common.mjs",
      "file": "@angular_common.js",
      "fileHash": "f27f23eb",
      "needsInterop": false
    },
    "@angular/common/http": {
      "src": "../../../../../../node_modules/@angular/common/fesm2022/http.mjs",
      "file": "@angular_common_http.js",
      "fileHash": "c9d4beee",
      "needsInterop": false
    },
    "@angular/core": {
      "src": "../../../../../../node_modules/@angular/core/fesm2022/core.mjs",
      "file": "@angular_core.js",
      "fileHash": "8a66eaab",
      "needsInterop": false
    },
    "@angular/forms": {
      "src": "../../../../../../node_modules/@angular/forms/fesm2022/forms.mjs",
      "file": "@angular_forms.js",
      "fileHash": "94eff687",
      "needsInterop": false
    },
    "@angular/material/button": {
      "src": "../../../../../../node_modules/@angular/material/fesm2022/button.mjs",
      "file": "@angular_material_button.js",
      "fileHash": "56a430fd",
      "needsInterop": false
    },
    "@angular/material/card": {
      "src": "../../../../../../node_modules/@angular/material/fesm2022/card.mjs",
      "file": "@angular_material_card.js",
      "fileHash": "90fc742f",
      "needsInterop": false
    },
    "@angular/material/checkbox": {
      "src": "../../../../../../node_modules/@angular/material/fesm2022/checkbox.mjs",
      "file": "@angular_material_checkbox.js",
      "fileHash": "47a6a164",
      "needsInterop": false
    },
    "@angular/material/core": {
      "src": "../../../../../../node_modules/@angular/material/fesm2022/core.mjs",
      "file": "@angular_material_core.js",
      "fileHash": "f51ea6cd",
      "needsInterop": false
    },
    "@angular/material/dialog": {
      "src": "../../../../../../node_modules/@angular/material/fesm2022/dialog.mjs",
      "file": "@angular_material_dialog.js",
      "fileHash": "16b57c0a",
      "needsInterop": false
    },
    "@angular/material/form-field": {
      "src": "../../../../../../node_modules/@angular/material/fesm2022/form-field.mjs",
      "file": "@angular_material_form-field.js",
      "fileHash": "56e10463",
      "needsInterop": false
    },
    "@angular/material/icon": {
      "src": "../../../../../../node_modules/@angular/material/fesm2022/icon.mjs",
      "file": "@angular_material_icon.js",
      "fileHash": "7d288e99",
      "needsInterop": false
    },
    "@angular/material/input": {
      "src": "../../../../../../node_modules/@angular/material/fesm2022/input.mjs",
      "file": "@angular_material_input.js",
      "fileHash": "dbd1f67a",
      "needsInterop": false
    },
    "@angular/material/paginator": {
      "src": "../../../../../../node_modules/@angular/material/fesm2022/paginator.mjs",
      "file": "@angular_material_paginator.js",
      "fileHash": "e316ae9c",
      "needsInterop": false
    },
    "@angular/material/radio": {
      "src": "../../../../../../node_modules/@angular/material/fesm2022/radio.mjs",
      "file": "@angular_material_radio.js",
      "fileHash": "62fcb9b9",
      "needsInterop": false
    },
    "@angular/material/select": {
      "src": "../../../../../../node_modules/@angular/material/fesm2022/select.mjs",
      "file": "@angular_material_select.js",
      "fileHash": "94009228",
      "needsInterop": false
    },
    "@angular/material/table": {
      "src": "../../../../../../node_modules/@angular/material/fesm2022/table.mjs",
      "file": "@angular_material_table.js",
      "fileHash": "1682f3d1",
      "needsInterop": false
    },
    "@angular/platform-browser": {
      "src": "../../../../../../node_modules/@angular/platform-browser/fesm2022/platform-browser.mjs",
      "file": "@angular_platform-browser.js",
      "fileHash": "9e91e883",
      "needsInterop": false
    },
    "@angular/platform-browser/animations": {
      "src": "../../../../../../node_modules/@angular/platform-browser/fesm2022/animations.mjs",
      "file": "@angular_platform-browser_animations.js",
      "fileHash": "8d5b2aa1",
      "needsInterop": false
    },
    "@angular/platform-server": {
      "src": "../../../../../../node_modules/@angular/platform-server/fesm2022/platform-server.mjs",
      "file": "@angular_platform-server.js",
      "fileHash": "2cf57f8a",
      "needsInterop": false
    },
    "rxjs": {
      "src": "../../../../../../node_modules/rxjs/dist/cjs/index.js",
      "file": "rxjs.js",
      "fileHash": "690d67a9",
      "needsInterop": true
    },
    "rxjs/operators": {
      "src": "../../../../../../node_modules/rxjs/dist/cjs/operators/index.js",
      "file": "rxjs_operators.js",
      "fileHash": "68e01b1d",
      "needsInterop": true
    }
  },
  "chunks": {
    "xhr2-ISERFGGE": {
      "file": "xhr2-ISERFGGE.js"
    },
    "chunk-CMPP5A5G": {
      "file": "chunk-CMPP5A5G.js"
    },
    "chunk-3USVBOVK": {
      "file": "chunk-3USVBOVK.js"
    },
    "chunk-ULS7MNX3": {
      "file": "chunk-ULS7MNX3.js"
    },
    "chunk-WJSZD743": {
      "file": "chunk-WJSZD743.js"
    },
    "chunk-C755MU5X": {
      "file": "chunk-C755MU5X.js"
    },
    "chunk-D5ZELLYP": {
      "file": "chunk-D5ZELLYP.js"
    },
    "chunk-VXTLH7AJ": {
      "file": "chunk-VXTLH7AJ.js"
    },
    "chunk-EGMNECKM": {
      "file": "chunk-EGMNECKM.js"
    },
    "chunk-QUGL6WSJ": {
      "file": "chunk-QUGL6WSJ.js"
    },
    "chunk-TNDJDEJG": {
      "file": "chunk-TNDJDEJG.js"
    },
    "chunk-GAHZQWMB": {
      "file": "chunk-GAHZQWMB.js"
    },
    "chunk-O7BFQWIK": {
      "file": "chunk-O7BFQWIK.js"
    },
    "chunk-RXV37I5I": {
      "file": "chunk-RXV37I5I.js"
    },
    "chunk-4GHFISGN": {
      "file": "chunk-4GHFISGN.js"
    },
    "chunk-UOPINYA3": {
      "file": "chunk-UOPINYA3.js"
    },
    "chunk-5IW5ZEPE": {
      "file": "chunk-5IW5ZEPE.js"
    },
    "chunk-RPWZ4CMX": {
      "file": "chunk-RPWZ4CMX.js"
    },
    "chunk-NQ4HTGF6": {
      "file": "chunk-NQ4HTGF6.js"
    }
  }
}